Model,Accuracy
SVM Linear,0.462741005218347
SVM Radial,0.543253684885105
SVM Poly,0.543253684885105
